subject,phase,modality,md_nsamples,md_finite,md_frac_finite,nd_nsamples,nd_finite,nd_frac_finite
T001,P1,Perinasal.Perspiration,81,81,1.0,81,81,1.0
T001,P1,Heart.Rate,81,0,0.0,81,0,0.0
T001,P1,Breathing.Rate,81,81,1.0,81,81,1.0
T001,P2,Perinasal.Perspiration,160,160,1.0,160,160,1.0
T001,P2,Heart.Rate,160,67,0.41875,160,95,0.59375
T001,P2,Breathing.Rate,160,160,1.0,160,160,1.0
T001,P3,Perinasal.Perspiration,270,270,1.0,270,270,1.0
T001,P3,Heart.Rate,270,270,1.0,270,270,1.0
T001,P3,Breathing.Rate,270,270,1.0,270,270,1.0
T001,P4,Perinasal.Perspiration,162,162,1.0,162,162,1.0
T001,P4,Heart.Rate,162,162,1.0,162,162,1.0
T001,P4,Breathing.Rate,162,162,1.0,162,162,1.0
T001,P5,Perinasal.Perspiration,156,156,1.0,114,114,1.0
T001,P5,Heart.Rate,156,156,1.0,114,114,1.0
T001,P5,Breathing.Rate,156,156,1.0,114,114,1.0
T002,P1,Perinasal.Perspiration,82,82,1.0,82,82,1.0
T002,P1,Heart.Rate,82,82,1.0,82,82,1.0
T002,P1,Breathing.Rate,82,82,1.0,82,82,1.0
T002,P2,Perinasal.Perspiration,158,158,1.0,158,158,1.0
T002,P2,Heart.Rate,158,158,1.0,158,158,1.0
T002,P2,Breathing.Rate,158,158,1.0,158,158,1.0
T002,P3,Perinasal.Perspiration,259,259,1.0,259,259,1.0
T002,P3,Heart.Rate,259,259,1.0,259,259,1.0
T002,P3,Breathing.Rate,259,259,1.0,259,259,1.0
T002,P4,Perinasal.Perspiration,152,152,1.0,152,152,1.0
T002,P4,Heart.Rate,152,152,1.0,152,152,1.0
T002,P4,Breathing.Rate,152,152,1.0,152,152,1.0
T002,P5,Perinasal.Perspiration,117,117,1.0,117,117,1.0
T002,P5,Heart.Rate,117,117,1.0,117,117,1.0
T002,P5,Breathing.Rate,117,117,1.0,117,117,1.0
T003,P1,Perinasal.Perspiration,75,75,1.0,75,75,1.0
T003,P1,Heart.Rate,75,75,1.0,75,75,1.0
T003,P1,Breathing.Rate,75,75,1.0,75,75,1.0
T003,P2,Perinasal.Perspiration,159,159,1.0,159,159,1.0
T003,P2,Heart.Rate,159,159,1.0,159,159,1.0
T003,P2,Breathing.Rate,159,159,1.0,159,159,1.0
T003,P3,Perinasal.Perspiration,238,238,1.0,238,238,1.0
T003,P3,Heart.Rate,238,238,1.0,238,238,1.0
T003,P3,Breathing.Rate,238,238,1.0,238,238,1.0
T003,P4,Perinasal.Perspiration,157,157,1.0,157,157,1.0
T003,P4,Heart.Rate,157,157,1.0,157,157,1.0
T003,P4,Breathing.Rate,157,157,1.0,157,157,1.0
T003,P5,Perinasal.Perspiration,116,116,1.0,116,116,1.0
T003,P5,Heart.Rate,116,116,1.0,116,116,1.0
T003,P5,Breathing.Rate,116,116,1.0,116,116,1.0
T004,P1,Perinasal.Perspiration,93,93,1.0,93,93,1.0
T004,P1,Heart.Rate,93,93,1.0,93,93,1.0
T004,P1,Breathing.Rate,93,93,1.0,93,93,1.0
T004,P2,Perinasal.Perspiration,155,155,1.0,155,155,1.0
T004,P2,Heart.Rate,155,155,1.0,155,155,1.0
T004,P2,Breathing.Rate,155,155,1.0,155,155,1.0
T004,P3,Perinasal.Perspiration,287,287,1.0,287,287,1.0
T004,P3,Heart.Rate,287,287,1.0,287,287,1.0
T004,P3,Breathing.Rate,287,287,1.0,287,287,1.0
T004,P4,Perinasal.Perspiration,157,157,1.0,157,157,1.0
T004,P4,Heart.Rate,157,157,1.0,157,157,1.0
T004,P4,Breathing.Rate,157,157,1.0,157,157,1.0
T004,P5,Perinasal.Perspiration,90,90,1.0,90,90,1.0
T004,P5,Heart.Rate,90,90,1.0,90,90,1.0
T004,P5,Breathing.Rate,90,90,1.0,90,90,1.0
T005,P1,Perinasal.Perspiration,77,77,1.0,77,77,1.0
T005,P1,Heart.Rate,77,77,1.0,77,77,1.0
T005,P1,Breathing.Rate,77,77,1.0,77,77,1.0
T005,P2,Perinasal.Perspiration,160,160,1.0,160,160,1.0
T005,P2,Heart.Rate,160,160,1.0,160,160,1.0
T005,P2,Breathing.Rate,160,160,1.0,160,160,1.0
T005,P3,Perinasal.Perspiration,243,243,1.0,243,243,1.0
T005,P3,Heart.Rate,243,243,1.0,243,243,1.0
T005,P3,Breathing.Rate,243,243,1.0,243,243,1.0
T005,P4,Perinasal.Perspiration,172,172,1.0,172,172,1.0
T005,P4,Heart.Rate,172,172,1.0,172,172,1.0
T005,P4,Breathing.Rate,172,172,1.0,172,172,1.0
T005,P5,Perinasal.Perspiration,122,122,1.0,122,122,1.0
T005,P5,Heart.Rate,122,122,1.0,122,122,1.0
T005,P5,Breathing.Rate,122,122,1.0,122,122,1.0
T006,P1,Perinasal.Perspiration,75,75,1.0,75,75,1.0
T006,P1,Heart.Rate,75,75,1.0,75,75,1.0
T006,P1,Breathing.Rate,75,75,1.0,75,75,1.0
T006,P2,Perinasal.Perspiration,160,160,1.0,160,160,1.0
T006,P2,Heart.Rate,160,160,1.0,160,160,1.0
T006,P2,Breathing.Rate,160,160,1.0,160,160,1.0
T006,P3,Perinasal.Perspiration,232,232,1.0,232,232,1.0
T006,P3,Heart.Rate,232,232,1.0,232,232,1.0
T006,P3,Breathing.Rate,232,232,1.0,232,232,1.0
T006,P4,Perinasal.Perspiration,166,166,1.0,166,166,1.0
T006,P4,Heart.Rate,166,166,1.0,166,166,1.0
T006,P4,Breathing.Rate,166,166,1.0,166,166,1.0
T006,P5,Perinasal.Perspiration,74,74,1.0,74,74,1.0
T006,P5,Heart.Rate,74,74,1.0,74,74,1.0
T006,P5,Breathing.Rate,74,74,1.0,74,74,1.0
T007,P1,Perinasal.Perspiration,75,0,0.0,75,0,0.0
T007,P1,Heart.Rate,75,75,1.0,75,75,1.0
T007,P1,Breathing.Rate,75,75,1.0,75,75,1.0
T007,P2,Perinasal.Perspiration,157,0,0.0,157,0,0.0
T007,P2,Heart.Rate,157,157,1.0,157,157,1.0
T007,P2,Breathing.Rate,157,157,1.0,157,157,1.0
T007,P3,Perinasal.Perspiration,250,0,0.0,250,0,0.0
T007,P3,Heart.Rate,250,250,1.0,250,250,1.0
T007,P3,Breathing.Rate,250,250,1.0,250,250,1.0
T007,P4,Perinasal.Perspiration,158,0,0.0,158,0,0.0
T007,P4,Heart.Rate,158,158,1.0,158,158,1.0
T007,P4,Breathing.Rate,158,158,1.0,158,158,1.0
T007,P5,Perinasal.Perspiration,152,0,0.0,142,0,0.0
T007,P5,Heart.Rate,152,152,1.0,142,142,1.0
T007,P5,Breathing.Rate,152,152,1.0,142,142,1.0
T008,P1,Perinasal.Perspiration,75,75,1.0,75,75,1.0
T008,P1,Heart.Rate,75,75,1.0,75,75,1.0
T008,P1,Breathing.Rate,75,75,1.0,75,75,1.0
T008,P2,Perinasal.Perspiration,160,160,1.0,160,160,1.0
T008,P2,Heart.Rate,160,160,1.0,160,160,1.0
T008,P2,Breathing.Rate,160,160,1.0,160,160,1.0
T008,P3,Perinasal.Perspiration,232,232,1.0,232,232,1.0
T008,P3,Heart.Rate,232,232,1.0,232,232,1.0
T008,P3,Breathing.Rate,232,232,1.0,232,232,1.0
T008,P4,Perinasal.Perspiration,166,166,1.0,166,166,1.0
T008,P4,Heart.Rate,166,166,1.0,166,166,1.0
T008,P4,Breathing.Rate,166,166,1.0,166,166,1.0
T008,P5,Perinasal.Perspiration,108,108,1.0,87,87,1.0
T008,P5,Heart.Rate,108,108,1.0,87,87,1.0
T008,P5,Breathing.Rate,108,108,1.0,87,87,1.0
T009,P1,Perinasal.Perspiration,87,87,1.0,87,87,1.0
T009,P1,Heart.Rate,87,81,0.9310344827586207,87,87,1.0
T009,P1,Breathing.Rate,87,87,1.0,87,87,1.0
T009,P2,Perinasal.Perspiration,162,162,1.0,162,162,1.0
T009,P2,Heart.Rate,162,148,0.9135802469135802,162,76,0.4691358024691358
T009,P2,Breathing.Rate,162,162,1.0,162,162,1.0
T009,P3,Perinasal.Perspiration,239,239,1.0,239,239,1.0
T009,P3,Heart.Rate,239,89,0.3723849372384937,239,28,0.11715481171548117
T009,P3,Breathing.Rate,239,239,1.0,239,239,1.0
T009,P4,Perinasal.Perspiration,158,158,1.0,158,158,1.0
T009,P4,Heart.Rate,158,137,0.8670886075949367,158,0,0.0
T009,P4,Breathing.Rate,158,158,1.0,158,158,1.0
T009,P5,Perinasal.Perspiration,127,127,1.0,122,122,1.0
T009,P5,Heart.Rate,127,69,0.5433070866141733,122,0,0.0
T009,P5,Breathing.Rate,127,127,1.0,122,122,1.0
T010,P1,Perinasal.Perspiration,71,71,1.0,71,71,1.0
T010,P1,Heart.Rate,71,71,1.0,71,71,1.0
T010,P1,Breathing.Rate,71,71,1.0,71,71,1.0
T010,P2,Perinasal.Perspiration,158,158,1.0,158,158,1.0
T010,P2,Heart.Rate,158,158,1.0,158,158,1.0
T010,P2,Breathing.Rate,158,158,1.0,158,158,1.0
T010,P3,Perinasal.Perspiration,267,267,1.0,267,267,1.0
T010,P3,Heart.Rate,267,267,1.0,267,267,1.0
T010,P3,Breathing.Rate,267,267,1.0,267,267,1.0
T010,P4,Perinasal.Perspiration,161,161,1.0,161,161,1.0
T010,P4,Heart.Rate,161,161,1.0,161,161,1.0
T010,P4,Breathing.Rate,161,161,1.0,161,161,1.0
T010,P5,Perinasal.Perspiration,34,34,1.0,34,34,1.0
T010,P5,Heart.Rate,34,34,1.0,34,34,1.0
T010,P5,Breathing.Rate,34,34,1.0,34,34,1.0
T011,P1,Perinasal.Perspiration,79,79,1.0,79,79,1.0
T011,P1,Heart.Rate,79,79,1.0,79,79,1.0
T011,P1,Breathing.Rate,79,79,1.0,79,79,1.0
T011,P2,Perinasal.Perspiration,162,162,1.0,162,162,1.0
T011,P2,Heart.Rate,162,162,1.0,162,162,1.0
T011,P2,Breathing.Rate,162,162,1.0,162,162,1.0
T011,P3,Perinasal.Perspiration,263,263,1.0,263,263,1.0
T011,P3,Heart.Rate,263,263,1.0,263,263,1.0
T011,P3,Breathing.Rate,263,263,1.0,263,263,1.0
T011,P4,Perinasal.Perspiration,153,153,1.0,153,153,1.0
T011,P4,Heart.Rate,153,153,1.0,153,153,1.0
T011,P4,Breathing.Rate,153,153,1.0,153,153,1.0
T011,P5,Perinasal.Perspiration,142,142,1.0,107,107,1.0
T011,P5,Heart.Rate,142,142,1.0,107,107,1.0
T011,P5,Breathing.Rate,142,142,1.0,107,107,1.0
T012,P1,Perinasal.Perspiration,84,84,1.0,84,80,0.9523809523809523
T012,P1,Heart.Rate,84,77,0.9166666666666666,84,25,0.2976190476190476
T012,P1,Breathing.Rate,84,84,1.0,84,84,1.0
T012,P2,Perinasal.Perspiration,157,157,1.0,157,157,1.0
T012,P2,Heart.Rate,157,48,0.3057324840764331,157,147,0.9363057324840764
T012,P2,Breathing.Rate,157,157,1.0,157,157,1.0
T012,P3,Perinasal.Perspiration,265,265,1.0,265,265,1.0
T012,P3,Heart.Rate,265,0,0.0,265,84,0.3169811320754717
T012,P3,Breathing.Rate,265,265,1.0,265,265,1.0
T012,P4,Perinasal.Perspiration,159,159,1.0,159,159,1.0
T012,P4,Heart.Rate,159,0,0.0,159,0,0.0
T012,P4,Breathing.Rate,159,159,1.0,159,159,1.0
T012,P5,Perinasal.Perspiration,167,167,1.0,152,152,1.0
T012,P5,Heart.Rate,167,13,0.07784431137724551,152,0,0.0
T012,P5,Breathing.Rate,167,167,1.0,152,134,0.881578947368421
T013,P1,Perinasal.Perspiration,72,72,1.0,72,72,1.0
T013,P1,Heart.Rate,72,72,1.0,72,72,1.0
T013,P1,Breathing.Rate,72,72,1.0,72,72,1.0
T013,P2,Perinasal.Perspiration,158,158,1.0,158,158,1.0
T013,P2,Heart.Rate,158,158,1.0,158,158,1.0
T013,P2,Breathing.Rate,158,158,1.0,158,158,1.0
T013,P3,Perinasal.Perspiration,253,253,1.0,253,253,1.0
T013,P3,Heart.Rate,253,253,1.0,253,253,1.0
T013,P3,Breathing.Rate,253,253,1.0,253,253,1.0
T013,P4,Perinasal.Perspiration,163,163,1.0,163,163,1.0
T013,P4,Heart.Rate,163,163,1.0,163,163,1.0
T013,P4,Breathing.Rate,163,163,1.0,163,163,1.0
T013,P5,Perinasal.Perspiration,124,124,1.0,112,112,1.0
T013,P5,Heart.Rate,124,124,1.0,112,112,1.0
T013,P5,Breathing.Rate,124,124,1.0,112,112,1.0
T014,P1,Perinasal.Perspiration,76,28,0.3684210526315789,76,76,1.0
T014,P1,Heart.Rate,76,76,1.0,76,76,1.0
T014,P1,Breathing.Rate,76,76,1.0,76,76,1.0
T014,P2,Perinasal.Perspiration,150,150,1.0,150,150,1.0
T014,P2,Heart.Rate,150,150,1.0,150,150,1.0
T014,P2,Breathing.Rate,150,150,1.0,150,150,1.0
T014,P3,Perinasal.Perspiration,255,255,1.0,255,255,1.0
T014,P3,Heart.Rate,255,255,1.0,255,255,1.0
T014,P3,Breathing.Rate,255,255,1.0,255,255,1.0
T014,P4,Perinasal.Perspiration,153,153,1.0,153,153,1.0
T014,P4,Heart.Rate,153,153,1.0,153,153,1.0
T014,P4,Breathing.Rate,153,153,1.0,153,153,1.0
T014,P5,Perinasal.Perspiration,161,161,1.0,99,99,1.0
T014,P5,Heart.Rate,161,153,0.9503105590062112,99,99,1.0
T014,P5,Breathing.Rate,161,153,0.9503105590062112,99,99,1.0
T015,P1,Perinasal.Perspiration,70,0,0.0,70,0,0.0
T015,P1,Heart.Rate,70,70,1.0,70,26,0.37142857142857144
T015,P1,Breathing.Rate,70,70,1.0,70,70,1.0
T015,P2,Perinasal.Perspiration,164,0,0.0,164,0,0.0
T015,P2,Heart.Rate,164,78,0.47560975609756095,164,0,0.0
T015,P2,Breathing.Rate,164,164,1.0,164,164,1.0
T015,P3,Perinasal.Perspiration,245,0,0.0,245,0,0.0
T015,P3,Heart.Rate,245,98,0.4,245,0,0.0
T015,P3,Breathing.Rate,245,245,1.0,245,245,1.0
T015,P4,Perinasal.Perspiration,170,0,0.0,170,0,0.0
T015,P4,Heart.Rate,170,167,0.9823529411764705,170,0,0.0
T015,P4,Breathing.Rate,170,170,1.0,170,170,1.0
T015,P5,Perinasal.Perspiration,110,0,0.0,105,0,0.0
T015,P5,Heart.Rate,110,49,0.44545454545454544,105,0,0.0
T015,P5,Breathing.Rate,110,110,1.0,105,105,1.0
T016,P1,Perinasal.Perspiration,77,77,1.0,77,76,0.987012987012987
T016,P1,Heart.Rate,77,77,1.0,77,77,1.0
T016,P1,Breathing.Rate,77,77,1.0,77,77,1.0
T016,P2,Perinasal.Perspiration,154,154,1.0,154,154,1.0
T016,P2,Heart.Rate,154,154,1.0,154,154,1.0
T016,P2,Breathing.Rate,154,154,1.0,154,154,1.0
T016,P3,Perinasal.Perspiration,250,250,1.0,250,250,1.0
T016,P3,Heart.Rate,250,250,1.0,250,250,1.0
T016,P3,Breathing.Rate,250,250,1.0,250,250,1.0
T016,P4,Perinasal.Perspiration,156,156,1.0,156,156,1.0
T016,P4,Heart.Rate,156,156,1.0,156,156,1.0
T016,P4,Breathing.Rate,156,156,1.0,156,156,1.0
T016,P5,Perinasal.Perspiration,107,107,1.0,107,107,1.0
T016,P5,Heart.Rate,107,107,1.0,107,107,1.0
T016,P5,Breathing.Rate,107,107,1.0,107,107,1.0
T017,P1,Perinasal.Perspiration,76,76,1.0,76,36,0.47368421052631576
T017,P1,Heart.Rate,76,76,1.0,76,76,1.0
T017,P1,Breathing.Rate,76,76,1.0,76,76,1.0
T017,P2,Perinasal.Perspiration,162,162,1.0,162,162,1.0
T017,P2,Heart.Rate,162,162,1.0,162,162,1.0
T017,P2,Breathing.Rate,162,162,1.0,162,162,1.0
T017,P3,Perinasal.Perspiration,223,223,1.0,223,223,1.0
T017,P3,Heart.Rate,223,223,1.0,223,223,1.0
T017,P3,Breathing.Rate,223,223,1.0,223,223,1.0
T017,P4,Perinasal.Perspiration,170,170,1.0,170,170,1.0
T017,P4,Heart.Rate,170,170,1.0,170,170,1.0
T017,P4,Breathing.Rate,170,170,1.0,170,170,1.0
T017,P5,Perinasal.Perspiration,106,106,1.0,106,106,1.0
T017,P5,Heart.Rate,106,106,1.0,106,106,1.0
T017,P5,Breathing.Rate,106,106,1.0,106,106,1.0
T018,P1,Perinasal.Perspiration,80,76,0.95,80,77,0.9625
T018,P1,Heart.Rate,80,80,1.0,80,80,1.0
T018,P1,Breathing.Rate,80,80,1.0,80,80,1.0
T018,P2,Perinasal.Perspiration,160,160,1.0,160,160,1.0
T018,P2,Heart.Rate,160,160,1.0,160,160,1.0
T018,P2,Breathing.Rate,160,160,1.0,160,160,1.0
T018,P3,Perinasal.Perspiration,254,254,1.0,254,254,1.0
T018,P3,Heart.Rate,254,254,1.0,254,254,1.0
T018,P3,Breathing.Rate,254,254,1.0,254,254,1.0
T018,P4,Perinasal.Perspiration,159,159,1.0,159,159,1.0
T018,P4,Heart.Rate,159,159,1.0,159,159,1.0
T018,P4,Breathing.Rate,159,159,1.0,159,159,1.0
T018,P5,Perinasal.Perspiration,97,97,1.0,97,97,1.0
T018,P5,Heart.Rate,97,97,1.0,97,97,1.0
T018,P5,Breathing.Rate,97,97,1.0,97,97,1.0
T019,P1,Perinasal.Perspiration,81,0,0.0,81,0,0.0
T019,P1,Heart.Rate,81,81,1.0,81,81,1.0
T019,P1,Breathing.Rate,81,81,1.0,81,81,1.0
T019,P2,Perinasal.Perspiration,166,0,0.0,166,0,0.0
T019,P2,Heart.Rate,166,166,1.0,166,166,1.0
T019,P2,Breathing.Rate,166,166,1.0,166,166,1.0
T019,P3,Perinasal.Perspiration,267,0,0.0,267,0,0.0
T019,P3,Heart.Rate,267,267,1.0,267,267,1.0
T019,P3,Breathing.Rate,267,267,1.0,267,267,1.0
T019,P4,Perinasal.Perspiration,164,0,0.0,164,0,0.0
T019,P4,Heart.Rate,164,164,1.0,164,164,1.0
T019,P4,Breathing.Rate,164,164,1.0,164,164,1.0
T019,P5,Perinasal.Perspiration,113,0,0.0,113,0,0.0
T019,P5,Heart.Rate,113,113,1.0,113,113,1.0
T019,P5,Breathing.Rate,113,113,1.0,113,113,1.0
T020,P1,Perinasal.Perspiration,73,73,1.0,73,73,1.0
T020,P1,Heart.Rate,73,73,1.0,73,73,1.0
T020,P1,Breathing.Rate,73,73,1.0,73,73,1.0
T020,P2,Perinasal.Perspiration,152,152,1.0,152,152,1.0
T020,P2,Heart.Rate,152,152,1.0,152,152,1.0
T020,P2,Breathing.Rate,152,152,1.0,152,152,1.0
T020,P3,Perinasal.Perspiration,260,260,1.0,260,260,1.0
T020,P3,Heart.Rate,260,260,1.0,260,260,1.0
T020,P3,Breathing.Rate,260,260,1.0,260,260,1.0
T020,P4,Perinasal.Perspiration,154,154,1.0,154,154,1.0
T020,P4,Heart.Rate,154,154,1.0,154,154,1.0
T020,P4,Breathing.Rate,154,154,1.0,154,154,1.0
T020,P5,Perinasal.Perspiration,128,128,1.0,127,127,1.0
T020,P5,Heart.Rate,128,128,1.0,127,127,1.0
T020,P5,Breathing.Rate,128,128,1.0,127,127,1.0
T021,P1,Perinasal.Perspiration,81,0,0.0,81,0,0.0
T021,P1,Heart.Rate,81,81,1.0,81,81,1.0
T021,P1,Breathing.Rate,81,81,1.0,81,81,1.0
T021,P2,Perinasal.Perspiration,157,0,0.0,157,0,0.0
T021,P2,Heart.Rate,157,157,1.0,157,157,1.0
T021,P2,Breathing.Rate,157,157,1.0,157,157,1.0
T021,P3,Perinasal.Perspiration,266,0,0.0,266,0,0.0
T021,P3,Heart.Rate,266,266,1.0,266,266,1.0
T021,P3,Breathing.Rate,266,266,1.0,266,266,1.0
T021,P4,Perinasal.Perspiration,158,0,0.0,158,0,0.0
T021,P4,Heart.Rate,158,158,1.0,158,158,1.0
T021,P4,Breathing.Rate,158,158,1.0,158,158,1.0
T021,P5,Perinasal.Perspiration,102,0,0.0,102,0,0.0
T021,P5,Heart.Rate,102,102,1.0,102,102,1.0
T021,P5,Breathing.Rate,102,102,1.0,102,102,1.0
T022,P1,Perinasal.Perspiration,81,81,1.0,81,81,1.0
T022,P1,Heart.Rate,81,81,1.0,81,81,1.0
T022,P1,Breathing.Rate,81,81,1.0,81,81,1.0
T022,P2,Perinasal.Perspiration,153,153,1.0,153,153,1.0
T022,P2,Heart.Rate,153,153,1.0,153,153,1.0
T022,P2,Breathing.Rate,153,153,1.0,153,153,1.0
T022,P3,Perinasal.Perspiration,264,264,1.0,264,264,1.0
T022,P3,Heart.Rate,264,264,1.0,264,264,1.0
T022,P3,Breathing.Rate,264,264,1.0,264,264,1.0
T022,P4,Perinasal.Perspiration,152,152,1.0,152,152,1.0
T022,P4,Heart.Rate,152,152,1.0,152,152,1.0
T022,P4,Breathing.Rate,152,152,1.0,152,152,1.0
T022,P5,Perinasal.Perspiration,140,140,1.0,135,135,1.0
T022,P5,Heart.Rate,140,140,1.0,135,135,1.0
T022,P5,Breathing.Rate,140,140,1.0,135,135,1.0
T023,P1,Perinasal.Perspiration,77,77,1.0,77,34,0.44155844155844154
T023,P1,Heart.Rate,77,77,1.0,77,77,1.0
T023,P1,Breathing.Rate,77,77,1.0,77,77,1.0
T023,P2,Perinasal.Perspiration,153,153,1.0,153,153,1.0
T023,P2,Heart.Rate,153,153,1.0,153,153,1.0
T023,P2,Breathing.Rate,153,153,1.0,153,153,1.0
T023,P3,Perinasal.Perspiration,234,234,1.0,234,234,1.0
T023,P3,Heart.Rate,234,234,1.0,234,234,1.0
T023,P3,Breathing.Rate,234,234,1.0,234,234,1.0
T023,P4,Perinasal.Perspiration,152,152,1.0,152,152,1.0
T023,P4,Heart.Rate,152,152,1.0,152,152,1.0
T023,P4,Breathing.Rate,152,152,1.0,152,152,1.0
T023,P5,Perinasal.Perspiration,109,109,1.0,109,109,1.0
T023,P5,Heart.Rate,109,109,1.0,109,109,1.0
T023,P5,Breathing.Rate,109,109,1.0,109,109,1.0
T024,P1,Perinasal.Perspiration,82,82,1.0,82,82,1.0
T024,P1,Heart.Rate,82,82,1.0,82,82,1.0
T024,P1,Breathing.Rate,82,82,1.0,82,82,1.0
T024,P2,Perinasal.Perspiration,159,159,1.0,159,159,1.0
T024,P2,Heart.Rate,159,159,1.0,159,159,1.0
T024,P2,Breathing.Rate,159,159,1.0,159,159,1.0
T024,P3,Perinasal.Perspiration,233,233,1.0,233,233,1.0
T024,P3,Heart.Rate,233,233,1.0,233,233,1.0
T024,P3,Breathing.Rate,233,233,1.0,233,233,1.0
T024,P4,Perinasal.Perspiration,158,158,1.0,158,158,1.0
T024,P4,Heart.Rate,158,158,1.0,158,158,1.0
T024,P4,Breathing.Rate,158,158,1.0,158,158,1.0
T024,P5,Perinasal.Perspiration,131,131,1.0,129,129,1.0
T024,P5,Heart.Rate,131,131,1.0,129,129,1.0
T024,P5,Breathing.Rate,131,131,1.0,129,129,1.0
T025,P1,Perinasal.Perspiration,74,74,1.0,74,74,1.0
T025,P1,Heart.Rate,74,74,1.0,74,74,1.0
T025,P1,Breathing.Rate,74,74,1.0,74,74,1.0
T025,P2,Perinasal.Perspiration,90,90,1.0,90,90,1.0
T025,P2,Heart.Rate,90,90,1.0,90,90,1.0
T025,P2,Breathing.Rate,90,90,1.0,90,90,1.0
T025,P3,Perinasal.Perspiration,293,293,1.0,293,293,1.0
T025,P3,Heart.Rate,293,293,1.0,293,293,1.0
T025,P3,Breathing.Rate,293,293,1.0,293,293,1.0
T025,P4,Perinasal.Perspiration,165,165,1.0,165,165,1.0
T025,P4,Heart.Rate,165,165,1.0,165,165,1.0
T025,P4,Breathing.Rate,165,165,1.0,165,165,1.0
T025,P5,Perinasal.Perspiration,129,129,1.0,129,129,1.0
T025,P5,Heart.Rate,129,129,1.0,129,129,1.0
T025,P5,Breathing.Rate,129,129,1.0,129,129,1.0
T027,P1,Perinasal.Perspiration,96,93,0.96875,96,96,1.0
T027,P1,Heart.Rate,96,96,1.0,96,96,1.0
T027,P1,Breathing.Rate,96,96,1.0,96,96,1.0
T027,P2,Perinasal.Perspiration,156,156,1.0,156,156,1.0
T027,P2,Heart.Rate,156,156,1.0,156,156,1.0
T027,P2,Breathing.Rate,156,156,1.0,156,156,1.0
T027,P3,Perinasal.Perspiration,365,365,1.0,365,365,1.0
T027,P3,Heart.Rate,365,365,1.0,365,365,1.0
T027,P3,Breathing.Rate,365,365,1.0,365,365,1.0
T027,P4,Perinasal.Perspiration,153,153,1.0,153,153,1.0
T027,P4,Heart.Rate,153,153,1.0,153,153,1.0
T027,P4,Breathing.Rate,153,153,1.0,153,153,1.0
T027,P5,Perinasal.Perspiration,258,258,1.0,88,88,1.0
T027,P5,Heart.Rate,258,102,0.3953488372093023,88,88,1.0
T027,P5,Breathing.Rate,258,102,0.3953488372093023,88,88,1.0
T029,P1,Perinasal.Perspiration,79,79,1.0,79,79,1.0
T029,P1,Heart.Rate,79,79,1.0,79,79,1.0
T029,P1,Breathing.Rate,79,79,1.0,79,79,1.0
T029,P2,Perinasal.Perspiration,114,114,1.0,114,114,1.0
T029,P2,Heart.Rate,114,114,1.0,114,114,1.0
T029,P2,Breathing.Rate,114,114,1.0,114,114,1.0
T029,P3,Perinasal.Perspiration,324,324,1.0,324,324,1.0
T029,P3,Heart.Rate,324,324,1.0,324,324,1.0
T029,P3,Breathing.Rate,324,324,1.0,324,324,1.0
T029,P4,Perinasal.Perspiration,160,160,1.0,160,160,1.0
T029,P4,Heart.Rate,160,160,1.0,160,160,1.0
T029,P4,Breathing.Rate,160,160,1.0,160,160,1.0
T029,P5,Perinasal.Perspiration,36,36,1.0,36,36,1.0
T029,P5,Heart.Rate,36,36,1.0,36,36,1.0
T029,P5,Breathing.Rate,36,36,1.0,36,36,1.0
T031,P1,Perinasal.Perspiration,81,81,1.0,81,81,1.0
T031,P1,Heart.Rate,81,81,1.0,81,81,1.0
T031,P1,Breathing.Rate,81,81,1.0,81,81,1.0
T031,P2,Perinasal.Perspiration,163,163,1.0,163,163,1.0
T031,P2,Heart.Rate,163,163,1.0,163,163,1.0
T031,P2,Breathing.Rate,163,163,1.0,163,163,1.0
T031,P3,Perinasal.Perspiration,295,295,1.0,295,295,1.0
T031,P3,Heart.Rate,295,295,1.0,295,295,1.0
T031,P3,Breathing.Rate,295,295,1.0,295,295,1.0
T031,P4,Perinasal.Perspiration,175,175,1.0,175,175,1.0
T031,P4,Heart.Rate,175,175,1.0,175,175,1.0
T031,P4,Breathing.Rate,175,175,1.0,175,175,1.0
T031,P5,Perinasal.Perspiration,162,162,1.0,113,113,1.0
T031,P5,Heart.Rate,162,162,1.0,113,113,1.0
T031,P5,Breathing.Rate,162,162,1.0,113,113,1.0
T032,P1,Perinasal.Perspiration,78,0,0.0,78,0,0.0
T032,P1,Heart.Rate,78,0,0.0,78,0,0.0
T032,P1,Breathing.Rate,78,0,0.0,78,0,0.0
T032,P2,Perinasal.Perspiration,153,0,0.0,153,0,0.0
T032,P2,Heart.Rate,153,0,0.0,153,0,0.0
T032,P2,Breathing.Rate,153,0,0.0,153,0,0.0
T032,P3,Perinasal.Perspiration,234,0,0.0,234,0,0.0
T032,P3,Heart.Rate,234,0,0.0,234,0,0.0
T032,P3,Breathing.Rate,234,0,0.0,234,0,0.0
T032,P4,Perinasal.Perspiration,153,0,0.0,153,0,0.0
T032,P4,Heart.Rate,153,0,0.0,153,0,0.0
T032,P4,Breathing.Rate,153,0,0.0,153,0,0.0
T032,P5,Perinasal.Perspiration,60,0,0.0,59,0,0.0
T032,P5,Heart.Rate,60,0,0.0,59,0,0.0
T032,P5,Breathing.Rate,60,0,0.0,59,0,0.0
T033,P1,Perinasal.Perspiration,81,81,1.0,81,81,1.0
T033,P1,Heart.Rate,81,81,1.0,81,81,1.0
T033,P1,Breathing.Rate,81,81,1.0,81,81,1.0
T033,P2,Perinasal.Perspiration,163,163,1.0,163,163,1.0
T033,P2,Heart.Rate,163,163,1.0,163,163,1.0
T033,P2,Breathing.Rate,163,163,1.0,163,163,1.0
T033,P3,Perinasal.Perspiration,295,295,1.0,295,295,1.0
T033,P3,Heart.Rate,295,295,1.0,295,295,1.0
T033,P3,Breathing.Rate,295,295,1.0,295,295,1.0
T033,P4,Perinasal.Perspiration,175,175,1.0,175,175,1.0
T033,P4,Heart.Rate,175,175,1.0,175,175,1.0
T033,P4,Breathing.Rate,175,175,1.0,175,175,1.0
T033,P5,Perinasal.Perspiration,107,107,1.0,107,107,1.0
T033,P5,Heart.Rate,107,107,1.0,107,107,1.0
T033,P5,Breathing.Rate,107,107,1.0,107,107,1.0
T034,P1,Perinasal.Perspiration,71,71,1.0,71,71,1.0
T034,P1,Heart.Rate,71,71,1.0,71,71,1.0
T034,P1,Breathing.Rate,71,71,1.0,71,71,1.0
T034,P2,Perinasal.Perspiration,162,162,1.0,162,162,1.0
T034,P2,Heart.Rate,162,162,1.0,162,162,1.0
T034,P2,Breathing.Rate,162,162,1.0,162,162,1.0
T034,P3,Perinasal.Perspiration,237,237,1.0,237,237,1.0
T034,P3,Heart.Rate,237,237,1.0,237,237,1.0
T034,P3,Breathing.Rate,237,237,1.0,237,237,1.0
T034,P4,Perinasal.Perspiration,164,164,1.0,164,164,1.0
T034,P4,Heart.Rate,164,164,1.0,164,164,1.0
T034,P4,Breathing.Rate,164,164,1.0,164,164,1.0
T034,P5,Perinasal.Perspiration,135,135,1.0,129,129,1.0
T034,P5,Heart.Rate,135,135,1.0,129,129,1.0
T034,P5,Breathing.Rate,135,135,1.0,129,129,1.0
T035,P1,Perinasal.Perspiration,77,77,1.0,77,77,1.0
T035,P1,Heart.Rate,77,77,1.0,77,77,1.0
T035,P1,Breathing.Rate,77,77,1.0,77,77,1.0
T035,P2,Perinasal.Perspiration,154,154,1.0,154,154,1.0
T035,P2,Heart.Rate,154,154,1.0,154,154,1.0
T035,P2,Breathing.Rate,154,154,1.0,154,154,1.0
T035,P3,Perinasal.Perspiration,278,278,1.0,278,278,1.0
T035,P3,Heart.Rate,278,278,1.0,278,278,1.0
T035,P3,Breathing.Rate,278,278,1.0,278,278,1.0
T035,P4,Perinasal.Perspiration,164,164,1.0,164,164,1.0
T035,P4,Heart.Rate,164,164,1.0,164,164,1.0
T035,P4,Breathing.Rate,164,164,1.0,164,164,1.0
T035,P5,Perinasal.Perspiration,76,76,1.0,76,76,1.0
T035,P5,Heart.Rate,76,76,1.0,76,76,1.0
T035,P5,Breathing.Rate,76,76,1.0,76,76,1.0
T036,P1,Perinasal.Perspiration,71,71,1.0,71,71,1.0
T036,P1,Heart.Rate,71,71,1.0,71,71,1.0
T036,P1,Breathing.Rate,71,71,1.0,71,71,1.0
T036,P2,Perinasal.Perspiration,161,161,1.0,161,161,1.0
T036,P2,Heart.Rate,161,161,1.0,161,161,1.0
T036,P2,Breathing.Rate,161,161,1.0,161,161,1.0
T036,P3,Perinasal.Perspiration,244,244,1.0,244,244,1.0
T036,P3,Heart.Rate,244,244,1.0,244,244,1.0
T036,P3,Breathing.Rate,244,244,1.0,244,244,1.0
T036,P4,Perinasal.Perspiration,163,163,1.0,163,163,1.0
T036,P4,Heart.Rate,163,163,1.0,163,163,1.0
T036,P4,Breathing.Rate,163,163,1.0,163,163,1.0
T036,P5,Perinasal.Perspiration,164,164,1.0,142,142,1.0
T036,P5,Heart.Rate,164,164,1.0,142,142,1.0
T036,P5,Breathing.Rate,164,164,1.0,142,142,1.0
T038,P1,Perinasal.Perspiration,90,90,1.0,90,90,1.0
T038,P1,Heart.Rate,90,90,1.0,90,90,1.0
T038,P1,Breathing.Rate,90,90,1.0,90,90,1.0
T038,P2,Perinasal.Perspiration,173,173,1.0,173,173,1.0
T038,P2,Heart.Rate,173,173,1.0,173,173,1.0
T038,P2,Breathing.Rate,173,173,1.0,173,173,1.0
T038,P3,Perinasal.Perspiration,326,326,1.0,326,326,1.0
T038,P3,Heart.Rate,326,326,1.0,326,326,1.0
T038,P3,Breathing.Rate,326,326,1.0,326,326,1.0
T038,P4,Perinasal.Perspiration,163,163,1.0,163,163,1.0
T038,P4,Heart.Rate,163,163,1.0,163,163,1.0
T038,P4,Breathing.Rate,163,163,1.0,163,163,1.0
T038,P5,Perinasal.Perspiration,28,28,1.0,28,28,1.0
T038,P5,Heart.Rate,28,28,1.0,28,28,1.0
T038,P5,Breathing.Rate,28,28,1.0,28,28,1.0
T039,P1,Perinasal.Perspiration,79,79,1.0,79,79,1.0
T039,P1,Heart.Rate,79,79,1.0,79,79,1.0
T039,P1,Breathing.Rate,79,79,1.0,79,79,1.0
T039,P2,Perinasal.Perspiration,159,159,1.0,159,159,1.0
T039,P2,Heart.Rate,159,159,1.0,159,159,1.0
T039,P2,Breathing.Rate,159,159,1.0,159,159,1.0
T039,P3,Perinasal.Perspiration,273,273,1.0,273,273,1.0
T039,P3,Heart.Rate,273,273,1.0,273,273,1.0
T039,P3,Breathing.Rate,273,273,1.0,273,273,1.0
T039,P4,Perinasal.Perspiration,156,156,1.0,156,156,1.0
T039,P4,Heart.Rate,156,156,1.0,156,156,1.0
T039,P4,Breathing.Rate,156,156,1.0,156,156,1.0
T039,P5,Perinasal.Perspiration,155,155,1.0,110,110,1.0
T039,P5,Heart.Rate,155,155,1.0,110,110,1.0
T039,P5,Breathing.Rate,155,155,1.0,110,110,1.0
T040,P1,Perinasal.Perspiration,80,80,1.0,80,80,1.0
T040,P1,Heart.Rate,80,80,1.0,80,80,1.0
T040,P1,Breathing.Rate,80,80,1.0,80,80,1.0
T040,P2,Perinasal.Perspiration,160,160,1.0,160,160,1.0
T040,P2,Heart.Rate,160,160,1.0,160,160,1.0
T040,P2,Breathing.Rate,160,160,1.0,160,160,1.0
T040,P3,Perinasal.Perspiration,295,295,1.0,295,295,1.0
T040,P3,Heart.Rate,295,295,1.0,295,295,1.0
T040,P3,Breathing.Rate,295,295,1.0,295,295,1.0
T040,P4,Perinasal.Perspiration,156,156,1.0,156,156,1.0
T040,P4,Heart.Rate,156,156,1.0,156,156,1.0
T040,P4,Breathing.Rate,156,156,1.0,156,156,1.0
T040,P5,Perinasal.Perspiration,158,158,1.0,158,158,1.0
T040,P5,Heart.Rate,158,158,1.0,158,158,1.0
T040,P5,Breathing.Rate,158,158,1.0,158,158,1.0
T041,P1,Perinasal.Perspiration,72,72,1.0,72,72,1.0
T041,P1,Heart.Rate,72,41,0.5694444444444444,72,33,0.4583333333333333
T041,P1,Breathing.Rate,72,72,1.0,72,72,1.0
T041,P2,Perinasal.Perspiration,162,162,1.0,162,162,1.0
T041,P2,Heart.Rate,162,0,0.0,162,0,0.0
T041,P2,Breathing.Rate,162,162,1.0,162,162,1.0
T041,P3,Perinasal.Perspiration,297,297,1.0,297,297,1.0
T041,P3,Heart.Rate,297,0,0.0,297,0,0.0
T041,P3,Breathing.Rate,297,297,1.0,297,297,1.0
T041,P4,Perinasal.Perspiration,192,192,1.0,192,192,1.0
T041,P4,Heart.Rate,192,0,0.0,192,0,0.0
T041,P4,Breathing.Rate,192,192,1.0,192,192,1.0
T041,P5,Perinasal.Perspiration,59,59,1.0,59,59,1.0
T041,P5,Heart.Rate,59,0,0.0,59,0,0.0
T041,P5,Breathing.Rate,59,59,1.0,59,59,1.0
T042,P1,Perinasal.Perspiration,74,0,0.0,74,0,0.0
T042,P1,Heart.Rate,74,74,1.0,74,74,1.0
T042,P1,Breathing.Rate,74,74,1.0,74,74,1.0
T042,P2,Perinasal.Perspiration,181,0,0.0,181,0,0.0
T042,P2,Heart.Rate,181,181,1.0,181,181,1.0
T042,P2,Breathing.Rate,181,181,1.0,181,181,1.0
T042,P3,Perinasal.Perspiration,206,0,0.0,206,0,0.0
T042,P3,Heart.Rate,206,206,1.0,206,206,1.0
T042,P3,Breathing.Rate,206,206,1.0,206,206,1.0
T042,P4,Perinasal.Perspiration,193,0,0.0,193,0,0.0
T042,P4,Heart.Rate,193,193,1.0,193,193,1.0
T042,P4,Breathing.Rate,193,193,1.0,193,193,1.0
T042,P5,Perinasal.Perspiration,12,0,0.0,12,0,0.0
T042,P5,Heart.Rate,12,12,1.0,12,12,1.0
T042,P5,Breathing.Rate,12,12,1.0,12,12,1.0
T043,P1,Perinasal.Perspiration,74,74,1.0,74,74,1.0
T043,P1,Heart.Rate,74,74,1.0,74,74,1.0
T043,P1,Breathing.Rate,74,74,1.0,74,74,1.0
T043,P2,Perinasal.Perspiration,157,157,1.0,157,157,1.0
T043,P2,Heart.Rate,157,157,1.0,157,157,1.0
T043,P2,Breathing.Rate,157,157,1.0,157,157,1.0
T043,P3,Perinasal.Perspiration,248,248,1.0,248,248,1.0
T043,P3,Heart.Rate,248,248,1.0,248,248,1.0
T043,P3,Breathing.Rate,248,248,1.0,248,248,1.0
T043,P4,Perinasal.Perspiration,157,157,1.0,157,157,1.0
T043,P4,Heart.Rate,157,157,1.0,157,157,1.0
T043,P4,Breathing.Rate,157,157,1.0,157,157,1.0
T043,P5,Perinasal.Perspiration,101,101,1.0,101,101,1.0
T043,P5,Heart.Rate,101,101,1.0,101,101,1.0
T043,P5,Breathing.Rate,101,101,1.0,101,101,1.0
T044,P1,Perinasal.Perspiration,81,81,1.0,81,81,1.0
T044,P1,Heart.Rate,81,81,1.0,81,81,1.0
T044,P1,Breathing.Rate,81,81,1.0,81,81,1.0
T044,P2,Perinasal.Perspiration,155,155,1.0,155,155,1.0
T044,P2,Heart.Rate,155,155,1.0,155,155,1.0
T044,P2,Breathing.Rate,155,155,1.0,155,155,1.0
T044,P3,Perinasal.Perspiration,285,285,1.0,285,285,1.0
T044,P3,Heart.Rate,285,285,1.0,285,285,1.0
T044,P3,Breathing.Rate,285,285,1.0,285,285,1.0
T044,P4,Perinasal.Perspiration,156,156,1.0,156,156,1.0
T044,P4,Heart.Rate,156,156,1.0,156,156,1.0
T044,P4,Breathing.Rate,156,156,1.0,156,156,1.0
T044,P5,Perinasal.Perspiration,97,97,1.0,91,91,1.0
T044,P5,Heart.Rate,97,97,1.0,91,91,1.0
T044,P5,Breathing.Rate,97,97,1.0,91,91,1.0
T045,P1,Perinasal.Perspiration,81,81,1.0,81,81,1.0
T045,P1,Heart.Rate,81,81,1.0,81,81,1.0
T045,P1,Breathing.Rate,81,81,1.0,81,81,1.0
T045,P2,Perinasal.Perspiration,160,160,1.0,160,160,1.0
T045,P2,Heart.Rate,160,160,1.0,160,160,1.0
T045,P2,Breathing.Rate,160,160,1.0,160,160,1.0
T045,P3,Perinasal.Perspiration,257,257,1.0,257,257,1.0
T045,P3,Heart.Rate,257,257,1.0,257,257,1.0
T045,P3,Breathing.Rate,257,257,1.0,257,257,1.0
T045,P4,Perinasal.Perspiration,170,170,1.0,170,170,1.0
T045,P4,Heart.Rate,170,170,1.0,170,170,1.0
T045,P4,Breathing.Rate,170,170,1.0,170,170,1.0
T045,P5,Perinasal.Perspiration,99,99,1.0,81,81,1.0
T045,P5,Heart.Rate,99,99,1.0,81,81,1.0
T045,P5,Breathing.Rate,99,99,1.0,81,81,1.0
T047,P1,Perinasal.Perspiration,87,87,1.0,87,87,1.0
T047,P1,Heart.Rate,87,87,1.0,87,87,1.0
T047,P1,Breathing.Rate,87,87,1.0,87,87,1.0
T047,P2,Perinasal.Perspiration,151,151,1.0,151,151,1.0
T047,P2,Heart.Rate,151,151,1.0,151,151,1.0
T047,P2,Breathing.Rate,151,151,1.0,151,151,1.0
T047,P3,Perinasal.Perspiration,329,329,1.0,329,329,1.0
T047,P3,Heart.Rate,329,329,1.0,329,329,1.0
T047,P3,Breathing.Rate,329,329,1.0,329,329,1.0
T047,P4,Perinasal.Perspiration,129,129,1.0,129,129,1.0
T047,P4,Heart.Rate,129,129,1.0,129,129,1.0
T047,P4,Breathing.Rate,129,129,1.0,129,129,1.0
T047,P5,Perinasal.Perspiration,98,98,1.0,98,98,1.0
T047,P5,Heart.Rate,98,98,1.0,98,98,1.0
T047,P5,Breathing.Rate,98,98,1.0,98,98,1.0
T050,P1,Perinasal.Perspiration,80,80,1.0,80,80,1.0
T050,P1,Heart.Rate,80,80,1.0,80,80,1.0
T050,P1,Breathing.Rate,80,80,1.0,80,80,1.0
T050,P2,Perinasal.Perspiration,171,171,1.0,171,171,1.0
T050,P2,Heart.Rate,171,171,1.0,171,171,1.0
T050,P2,Breathing.Rate,171,171,1.0,171,171,1.0
T050,P3,Perinasal.Perspiration,306,306,1.0,306,306,1.0
T050,P3,Heart.Rate,306,306,1.0,306,306,1.0
T050,P3,Breathing.Rate,306,306,1.0,306,306,1.0
T050,P4,Perinasal.Perspiration,180,180,1.0,180,180,1.0
T050,P4,Heart.Rate,180,180,1.0,180,180,1.0
T050,P4,Breathing.Rate,180,180,1.0,180,180,1.0
T050,P5,Perinasal.Perspiration,36,36,1.0,32,32,1.0
T050,P5,Heart.Rate,36,36,1.0,32,32,1.0
T050,P5,Breathing.Rate,36,36,1.0,32,32,1.0
T051,P1,Perinasal.Perspiration,81,0,0.0,81,0,0.0
T051,P1,Heart.Rate,81,81,1.0,81,81,1.0
T051,P1,Breathing.Rate,81,81,1.0,81,81,1.0
T051,P2,Perinasal.Perspiration,154,0,0.0,154,0,0.0
T051,P2,Heart.Rate,154,154,1.0,154,154,1.0
T051,P2,Breathing.Rate,154,154,1.0,154,154,1.0
T051,P3,Perinasal.Perspiration,270,0,0.0,270,0,0.0
T051,P3,Heart.Rate,270,270,1.0,270,270,1.0
T051,P3,Breathing.Rate,270,270,1.0,270,270,1.0
T051,P4,Perinasal.Perspiration,151,0,0.0,151,0,0.0
T051,P4,Heart.Rate,151,151,1.0,151,151,1.0
T051,P4,Breathing.Rate,151,151,1.0,151,151,1.0
T051,P5,Perinasal.Perspiration,101,0,0.0,101,0,0.0
T051,P5,Heart.Rate,101,101,1.0,101,101,1.0
T051,P5,Breathing.Rate,101,101,1.0,101,101,1.0
T054,P1,Perinasal.Perspiration,90,90,1.0,90,90,1.0
T054,P1,Heart.Rate,90,90,1.0,90,90,1.0
T054,P1,Breathing.Rate,90,90,1.0,90,90,1.0
T054,P2,Perinasal.Perspiration,163,163,1.0,163,163,1.0
T054,P2,Heart.Rate,163,163,1.0,163,163,1.0
T054,P2,Breathing.Rate,163,163,1.0,163,163,1.0
T054,P3,Perinasal.Perspiration,242,242,1.0,242,242,1.0
T054,P3,Heart.Rate,242,242,1.0,242,242,1.0
T054,P3,Breathing.Rate,242,242,1.0,242,242,1.0
T054,P4,Perinasal.Perspiration,167,167,1.0,167,167,1.0
T054,P4,Heart.Rate,167,167,1.0,167,167,1.0
T054,P4,Breathing.Rate,167,167,1.0,167,167,1.0
T054,P5,Perinasal.Perspiration,202,202,1.0,104,104,1.0
T054,P5,Heart.Rate,202,202,1.0,104,104,1.0
T054,P5,Breathing.Rate,202,202,1.0,104,104,1.0
T060,P1,Perinasal.Perspiration,82,82,1.0,82,82,1.0
T060,P1,Heart.Rate,82,82,1.0,82,82,1.0
T060,P1,Breathing.Rate,82,82,1.0,82,82,1.0
T060,P2,Perinasal.Perspiration,157,157,1.0,157,157,1.0
T060,P2,Heart.Rate,157,157,1.0,157,157,1.0
T060,P2,Breathing.Rate,157,157,1.0,157,157,1.0
T060,P3,Perinasal.Perspiration,128,128,1.0,128,128,1.0
T060,P3,Heart.Rate,128,128,1.0,128,128,1.0
T060,P3,Breathing.Rate,128,128,1.0,128,128,1.0
T060,P4,Perinasal.Perspiration,162,162,1.0,162,162,1.0
T060,P4,Heart.Rate,162,162,1.0,162,162,1.0
T060,P4,Breathing.Rate,162,162,1.0,162,162,1.0
T060,P5,Perinasal.Perspiration,64,64,1.0,64,64,1.0
T060,P5,Heart.Rate,64,64,1.0,64,64,1.0
T060,P5,Breathing.Rate,64,64,1.0,64,64,1.0
T061,P1,Perinasal.Perspiration,73,73,1.0,73,73,1.0
T061,P1,Heart.Rate,73,73,1.0,73,73,1.0
T061,P1,Breathing.Rate,73,73,1.0,73,73,1.0
T061,P2,Perinasal.Perspiration,153,153,1.0,153,153,1.0
T061,P2,Heart.Rate,153,153,1.0,153,153,1.0
T061,P2,Breathing.Rate,153,153,1.0,153,153,1.0
T061,P3,Perinasal.Perspiration,129,129,1.0,129,129,1.0
T061,P3,Heart.Rate,129,129,1.0,129,129,1.0
T061,P3,Breathing.Rate,129,129,1.0,129,129,1.0
T061,P4,Perinasal.Perspiration,157,157,1.0,157,157,1.0
T061,P4,Heart.Rate,157,157,1.0,157,157,1.0
T061,P4,Breathing.Rate,157,157,1.0,157,157,1.0
T061,P5,Perinasal.Perspiration,72,72,1.0,45,45,1.0
T061,P5,Heart.Rate,72,72,1.0,45,45,1.0
T061,P5,Breathing.Rate,72,72,1.0,45,45,1.0
T064,P1,Perinasal.Perspiration,68,68,1.0,68,68,1.0
T064,P1,Heart.Rate,68,0,0.0,68,0,0.0
T064,P1,Breathing.Rate,68,68,1.0,68,68,1.0
T064,P2,Perinasal.Perspiration,159,159,1.0,159,159,1.0
T064,P2,Heart.Rate,159,30,0.18867924528301888,159,0,0.0
T064,P2,Breathing.Rate,159,159,1.0,159,159,1.0
T064,P3,Perinasal.Perspiration,130,130,1.0,130,130,1.0
T064,P3,Heart.Rate,130,0,0.0,130,0,0.0
T064,P3,Breathing.Rate,130,130,1.0,130,130,1.0
T064,P4,Perinasal.Perspiration,158,158,1.0,158,158,1.0
T064,P4,Heart.Rate,158,0,0.0,158,0,0.0
T064,P4,Breathing.Rate,158,158,1.0,158,158,1.0
T064,P5,Perinasal.Perspiration,71,71,1.0,48,48,1.0
T064,P5,Heart.Rate,71,65,0.9154929577464789,48,0,0.0
T064,P5,Breathing.Rate,71,71,1.0,48,48,1.0
T066,P1,Perinasal.Perspiration,84,84,1.0,84,84,1.0
T066,P1,Heart.Rate,84,84,1.0,84,84,1.0
T066,P1,Breathing.Rate,84,84,1.0,84,84,1.0
T066,P2,Perinasal.Perspiration,153,153,1.0,153,153,1.0
T066,P2,Heart.Rate,153,153,1.0,153,153,1.0
T066,P2,Breathing.Rate,153,153,1.0,153,153,1.0
T066,P3,Perinasal.Perspiration,205,205,1.0,205,205,1.0
T066,P3,Heart.Rate,205,205,1.0,205,205,1.0
T066,P3,Breathing.Rate,205,205,1.0,205,205,1.0
T066,P4,Perinasal.Perspiration,131,131,1.0,131,131,1.0
T066,P4,Heart.Rate,131,131,1.0,131,131,1.0
T066,P4,Breathing.Rate,131,131,1.0,131,131,1.0
T068,P1,Perinasal.Perspiration,80,80,1.0,80,80,1.0
T068,P1,Heart.Rate,80,80,1.0,80,80,1.0
T068,P1,Breathing.Rate,80,80,1.0,80,80,1.0
T068,P2,Perinasal.Perspiration,151,151,1.0,151,151,1.0
T068,P2,Heart.Rate,151,151,1.0,151,151,1.0
T068,P2,Breathing.Rate,151,151,1.0,151,151,1.0
T068,P3,Perinasal.Perspiration,140,140,1.0,140,140,1.0
T068,P3,Heart.Rate,140,140,1.0,140,140,1.0
T068,P3,Breathing.Rate,140,140,1.0,140,140,1.0
T068,P4,Perinasal.Perspiration,161,161,1.0,161,161,1.0
T068,P4,Heart.Rate,161,161,1.0,161,161,1.0
T068,P4,Breathing.Rate,161,161,1.0,161,161,1.0
T068,P5,Perinasal.Perspiration,34,34,1.0,34,34,1.0
T068,P5,Heart.Rate,34,34,1.0,34,34,1.0
T068,P5,Breathing.Rate,34,34,1.0,34,34,1.0
T073,P1,Perinasal.Perspiration,92,92,1.0,92,92,1.0
T073,P1,Heart.Rate,92,92,1.0,92,92,1.0
T073,P1,Breathing.Rate,92,92,1.0,92,92,1.0
T073,P2,Perinasal.Perspiration,156,156,1.0,156,156,1.0
T073,P2,Heart.Rate,156,156,1.0,156,156,1.0
T073,P2,Breathing.Rate,156,156,1.0,156,156,1.0
T073,P3,Perinasal.Perspiration,134,134,1.0,134,134,1.0
T073,P3,Heart.Rate,134,134,1.0,134,134,1.0
T073,P3,Breathing.Rate,134,134,1.0,134,134,1.0
T073,P4,Perinasal.Perspiration,158,158,1.0,158,158,1.0
T073,P4,Heart.Rate,158,158,1.0,158,158,1.0
T073,P4,Breathing.Rate,158,158,1.0,158,158,1.0
T073,P5,Perinasal.Perspiration,54,54,1.0,54,54,1.0
T073,P5,Heart.Rate,54,54,1.0,54,54,1.0
T073,P5,Breathing.Rate,54,54,1.0,54,54,1.0
T076,P1,Perinasal.Perspiration,69,69,1.0,69,69,1.0
T076,P1,Heart.Rate,69,69,1.0,69,69,1.0
T076,P1,Breathing.Rate,69,69,1.0,69,69,1.0
T076,P2,Perinasal.Perspiration,156,156,1.0,156,156,1.0
T076,P2,Heart.Rate,156,156,1.0,156,156,1.0
T076,P2,Breathing.Rate,156,156,1.0,156,156,1.0
T076,P3,Perinasal.Perspiration,148,148,1.0,148,148,1.0
T076,P3,Heart.Rate,148,148,1.0,148,148,1.0
T076,P3,Breathing.Rate,148,148,1.0,148,148,1.0
T076,P4,Perinasal.Perspiration,159,159,1.0,159,159,1.0
T076,P4,Heart.Rate,159,159,1.0,159,159,1.0
T076,P4,Breathing.Rate,159,159,1.0,159,159,1.0
T076,P5,Perinasal.Perspiration,72,72,1.0,58,58,1.0
T076,P5,Heart.Rate,72,72,1.0,58,58,1.0
T076,P5,Breathing.Rate,72,72,1.0,58,58,1.0
T077,P1,Perinasal.Perspiration,74,74,1.0,74,74,1.0
T077,P1,Heart.Rate,74,74,1.0,74,74,1.0
T077,P1,Breathing.Rate,74,74,1.0,74,74,1.0
T077,P2,Perinasal.Perspiration,159,159,1.0,159,159,1.0
T077,P2,Heart.Rate,159,159,1.0,159,159,1.0
T077,P2,Breathing.Rate,159,159,1.0,159,159,1.0
T077,P3,Perinasal.Perspiration,147,147,1.0,147,147,1.0
T077,P3,Heart.Rate,147,147,1.0,147,147,1.0
T077,P3,Breathing.Rate,147,147,1.0,147,147,1.0
T077,P4,Perinasal.Perspiration,166,166,1.0,166,166,1.0
T077,P4,Heart.Rate,166,166,1.0,166,166,1.0
T077,P4,Breathing.Rate,166,166,1.0,166,166,1.0
T077,P5,Perinasal.Perspiration,22,22,1.0,22,22,1.0
T077,P5,Heart.Rate,22,22,1.0,22,22,1.0
T077,P5,Breathing.Rate,22,22,1.0,22,22,1.0
T079,P1,Perinasal.Perspiration,74,74,1.0,74,74,1.0
T079,P1,Heart.Rate,74,74,1.0,74,74,1.0
T079,P1,Breathing.Rate,74,74,1.0,74,74,1.0
T079,P2,Perinasal.Perspiration,153,153,1.0,153,153,1.0
T079,P2,Heart.Rate,153,153,1.0,153,153,1.0
T079,P2,Breathing.Rate,153,153,1.0,153,153,1.0
T079,P3,Perinasal.Perspiration,145,145,1.0,145,145,1.0
T079,P3,Heart.Rate,145,145,1.0,145,145,1.0
T079,P3,Breathing.Rate,145,145,1.0,145,145,1.0
T079,P4,Perinasal.Perspiration,154,154,1.0,154,154,1.0
T079,P4,Heart.Rate,154,154,1.0,154,154,1.0
T079,P4,Breathing.Rate,154,154,1.0,154,154,1.0
T079,P5,Perinasal.Perspiration,38,38,1.0,38,38,1.0
T079,P5,Heart.Rate,38,38,1.0,38,38,1.0
T079,P5,Breathing.Rate,38,38,1.0,38,38,1.0
T080,P1,Perinasal.Perspiration,75,75,1.0,75,75,1.0
T080,P1,Heart.Rate,75,75,1.0,75,75,1.0
T080,P1,Breathing.Rate,75,75,1.0,75,75,1.0
T080,P2,Perinasal.Perspiration,159,159,1.0,159,159,1.0
T080,P2,Heart.Rate,159,159,1.0,159,159,1.0
T080,P2,Breathing.Rate,159,159,1.0,159,159,1.0
T080,P3,Perinasal.Perspiration,149,149,1.0,149,149,1.0
T080,P3,Heart.Rate,149,149,1.0,149,149,1.0
T080,P3,Breathing.Rate,149,149,1.0,149,149,1.0
T080,P4,Perinasal.Perspiration,163,163,1.0,163,163,1.0
T080,P4,Heart.Rate,163,163,1.0,163,163,1.0
T080,P4,Breathing.Rate,163,163,1.0,163,163,1.0
T080,P5,Perinasal.Perspiration,67,67,1.0,67,67,1.0
T080,P5,Heart.Rate,67,67,1.0,67,67,1.0
T080,P5,Breathing.Rate,67,67,1.0,67,67,1.0
T081,P1,Perinasal.Perspiration,66,66,1.0,66,66,1.0
T081,P1,Heart.Rate,66,66,1.0,66,66,1.0
T081,P1,Breathing.Rate,66,66,1.0,66,66,1.0
T081,P2,Perinasal.Perspiration,155,155,1.0,155,155,1.0
T081,P2,Heart.Rate,155,155,1.0,155,155,1.0
T081,P2,Breathing.Rate,155,155,1.0,155,155,1.0
T081,P3,Perinasal.Perspiration,111,111,1.0,111,111,1.0
T081,P3,Heart.Rate,111,111,1.0,111,111,1.0
T081,P3,Breathing.Rate,111,111,1.0,111,111,1.0
T081,P4,Perinasal.Perspiration,154,154,1.0,154,154,1.0
T081,P4,Heart.Rate,154,154,1.0,154,154,1.0
T081,P4,Breathing.Rate,154,154,1.0,154,154,1.0
T081,P5,Perinasal.Perspiration,55,55,1.0,44,44,1.0
T081,P5,Heart.Rate,55,55,1.0,44,44,1.0
T081,P5,Breathing.Rate,55,55,1.0,44,44,1.0
T082,P1,Perinasal.Perspiration,75,75,1.0,75,75,1.0
T082,P1,Heart.Rate,75,75,1.0,75,75,1.0
T082,P1,Breathing.Rate,75,75,1.0,75,75,1.0
T082,P2,Perinasal.Perspiration,155,155,1.0,155,155,1.0
T082,P2,Heart.Rate,155,155,1.0,155,155,1.0
T082,P2,Breathing.Rate,155,155,1.0,155,155,1.0
T082,P3,Perinasal.Perspiration,172,172,1.0,172,172,1.0
T082,P3,Heart.Rate,172,172,1.0,172,172,1.0
T082,P3,Breathing.Rate,172,172,1.0,172,172,1.0
T082,P4,Perinasal.Perspiration,156,156,1.0,156,156,1.0
T082,P4,Heart.Rate,156,156,1.0,156,156,1.0
T082,P4,Breathing.Rate,156,156,1.0,156,156,1.0
T082,P5,Perinasal.Perspiration,36,36,1.0,14,14,1.0
T082,P5,Heart.Rate,36,36,1.0,14,14,1.0
T082,P5,Breathing.Rate,36,36,1.0,14,14,1.0
T083,P1,Perinasal.Perspiration,73,73,1.0,73,73,1.0
T083,P1,Heart.Rate,73,73,1.0,73,73,1.0
T083,P1,Breathing.Rate,73,73,1.0,73,73,1.0
T083,P2,Perinasal.Perspiration,170,170,1.0,170,170,1.0
T083,P2,Heart.Rate,170,170,1.0,170,170,1.0
T083,P2,Breathing.Rate,170,170,1.0,170,170,1.0
T083,P3,Perinasal.Perspiration,140,140,1.0,140,140,1.0
T083,P3,Heart.Rate,140,140,1.0,140,140,1.0
T083,P3,Breathing.Rate,140,140,1.0,140,140,1.0
T083,P4,Perinasal.Perspiration,155,155,1.0,155,155,1.0
T083,P4,Heart.Rate,155,155,1.0,155,155,1.0
T083,P4,Breathing.Rate,155,155,1.0,155,155,1.0
T083,P5,Perinasal.Perspiration,40,40,1.0,40,40,1.0
T083,P5,Heart.Rate,40,40,1.0,40,40,1.0
T083,P5,Breathing.Rate,40,40,1.0,40,40,1.0
T084,P1,Perinasal.Perspiration,66,66,1.0,66,66,1.0
T084,P1,Heart.Rate,66,66,1.0,66,66,1.0
T084,P1,Breathing.Rate,66,66,1.0,66,66,1.0
T084,P2,Perinasal.Perspiration,160,160,1.0,160,160,1.0
T084,P2,Heart.Rate,160,160,1.0,160,160,1.0
T084,P2,Breathing.Rate,160,160,1.0,160,160,1.0
T084,P3,Perinasal.Perspiration,140,140,1.0,140,140,1.0
T084,P3,Heart.Rate,140,140,1.0,140,140,1.0
T084,P3,Breathing.Rate,140,140,1.0,140,140,1.0
T084,P4,Perinasal.Perspiration,176,176,1.0,176,176,1.0
T084,P4,Heart.Rate,176,176,1.0,176,176,1.0
T084,P4,Breathing.Rate,176,176,1.0,176,176,1.0
T084,P5,Perinasal.Perspiration,32,32,1.0,32,32,1.0
T084,P5,Heart.Rate,32,32,1.0,32,32,1.0
T084,P5,Breathing.Rate,32,32,1.0,32,32,1.0
T086,P1,Perinasal.Perspiration,74,74,1.0,74,74,1.0
T086,P1,Heart.Rate,74,74,1.0,74,74,1.0
T086,P1,Breathing.Rate,74,74,1.0,74,74,1.0
T086,P2,Perinasal.Perspiration,160,160,1.0,160,160,1.0
T086,P2,Heart.Rate,160,160,1.0,160,160,1.0
T086,P2,Breathing.Rate,160,160,1.0,160,160,1.0
T086,P3,Perinasal.Perspiration,120,120,1.0,120,120,1.0
T086,P3,Heart.Rate,120,120,1.0,120,120,1.0
T086,P3,Breathing.Rate,120,120,1.0,120,120,1.0
T086,P4,Perinasal.Perspiration,172,172,1.0,172,172,1.0
T086,P4,Heart.Rate,172,172,1.0,172,172,1.0
T086,P4,Breathing.Rate,172,172,1.0,172,172,1.0
T086,P5,Perinasal.Perspiration,71,71,1.0,71,71,1.0
T086,P5,Heart.Rate,71,71,1.0,71,71,1.0
T086,P5,Breathing.Rate,71,71,1.0,71,71,1.0
T088,P1,Perinasal.Perspiration,70,70,1.0,70,70,1.0
T088,P1,Heart.Rate,70,0,0.0,70,0,0.0
T088,P1,Breathing.Rate,70,0,0.0,70,0,0.0
T088,P2,Perinasal.Perspiration,165,165,1.0,165,165,1.0
T088,P2,Heart.Rate,165,0,0.0,165,0,0.0
T088,P2,Breathing.Rate,165,0,0.0,165,0,0.0
T088,P3,Perinasal.Perspiration,174,174,1.0,174,174,1.0
T088,P3,Heart.Rate,174,0,0.0,174,0,0.0
T088,P3,Breathing.Rate,174,0,0.0,174,0,0.0
T088,P4,Perinasal.Perspiration,168,168,1.0,167,167,1.0
T088,P4,Heart.Rate,168,0,0.0,167,0,0.0
T088,P4,Breathing.Rate,168,0,0.0,167,0,0.0
